{
    "rmse": 0.7455813830127763,
    "r2": 0.5757877060324508
}