{
    "rmse": 0.47405022313821826,
    "r2": 0.8285087955066786
}