{
    "rmse": 0.5443328206986048,
    "r2": 0.7738887441938533
}