{
    "rmse": 0.5430125926376437,
    "r2": 0.7749842372425737
}