{
    "rmse": 0.481354635808708,
    "r2": 0.8231832280899263
}